2.00000000000000e+001,3.40028707672669e+001,3.03330494802717e+000
2.04658598456151e+001,3.40034450858866e+001,3.10382272076632e+000
2.09425709610180e+001,3.40040463899534e+001,3.17597329084852e+000
2.14303861047521e+001,3.40046759434278e+001,3.24979399498108e+000
2.19295639228637e+001,3.40053350690880e+001,3.32532299012789e+000
2.24403690860393e+001,3.40060251512292e+001,3.40259926912361e+000
2.29630724299377e+001,3.40067476384850e+001,3.48166267640667e+000
2.34979510987906e+001,3.40075040467722e+001,3.56255392385754e+000
2.40452886923483e+001,3.40082959623680e+001,3.64531460672625e+000
2.46053754162476e+001,3.40091250451222e+001,3.72998721963245e+000
2.51785082358833e+001,3.40099930318112e+001,3.81661517261890e+000
2.57649910338627e+001,3.40109017396391e+001,3.90524280723792e+000
2.63651347711281e+001,3.40118530698924e+001,3.99591541264838e+000
2.69792576518331e+001,3.40128490117537e+001,4.08867924169841e+000
2.76076852920577e+001,3.40138916462811e+001,4.18358152696726e+000
2.82507508924551e+001,3.40149831505597e+001,4.28067049673714e+000
2.89087954149185e+001,3.40161258020320e+001,4.37999539086331e+000
2.95821677633641e+001,3.40173219830135e+001,4.48160647650817e+000
3.02712249687242e+001,3.40185741854010e+001,4.58555506370226e+000
3.09763323782496e+001,3.40198850155815e+001,4.69189352069166e+000
3.16978638492223e+001,3.40212571995467e+001,4.80067528902876e+000
3.24362019471786e+001,3.40226935882235e+001,4.91195489835915e+000
3.31917381487512e+001,3.40241971630263e+001,5.02578798085423e+000
3.39648730492349e+001,3.40257710416390e+001,5.14223128523518e+000
3.47560165749875e+001,3.40274184840360e+001,5.26134269032932e+000
3.55655882007784e+001,3.40291428987479e+001,5.38318121809658e+000
3.63940171721997e+001,3.40309478493827e+001,5.50780704605773e+000
3.72417427332573e+001,3.40328370614083e+001,5.63528151905254e+000
3.81092143592649e+001,3.40348144292059e+001,5.76566716024973e+000
3.89968919951609e+001,3.40368840234024e+001,5.89902768132577e+000
3.99052462993776e+001,3.40390500984893e+001,6.03542799172365e+000
4.08347588933906e+001,3.40413171007374e+001,6.17493420689617e+000
4.17859226170808e+001,3.40436896764141e+001,6.31761365543297e+000
4.27592417900446e+001,3.40461726803128e+001,6.46353488496239e+000
4.37552324789910e+001,3.40487711846000e+001,6.61276766671339e+000
4.47744227713668e+001,3.40514904879908e+001,6.76538299861457e+000
4.58173530553554e+001,3.40543361252560e+001,6.92145310679983e+000
4.68845763063984e+001,3.40573138770723e+001,7.08105144538209e+000
4.79766583803898e+001,3.40604297802174e+001,7.24425269434794e+000
4.90941783137006e+001,3.40636901381198e+001,7.41113275541729e+000
5.02377286301916e+001,3.40671015317665e+001,7.58176874570283e+000
5.14079156553772e+001,3.40706708309738e+001,7.75623898899476e+000
5.26053598379076e+001,3.40744052060244e+001,7.93462300448639e+000
5.38306960785383e+001,3.40783121396761e+001,8.11700149274547e+000
5.50845740667633e+001,3.40823994395400e+001,8.30345631872674e+000
5.63676586252890e+001,3.40866752508331e+001,8.49407049160908e+000
5.76806300625321e+001,3.40911480695011e+001,8.68892814123145e+000
5.90241845333277e+001,3.40958267557120e+001,8.88811449088809e+000
6.03990344080403e+001,3.41007205477153e+001,9.09171582623529e+000
6.18059086502718e+001,3.41058390760609e+001,9.29981946004710e+000
6.32455532033675e+001,3.41111923781719e+001,9.51251369254930e+000
6.47187313859256e+001,3.41167909132589e+001,9.72988776704602e+000
6.62262242965182e+001,3.41226455775656e+001,9.95203182054606e+000
6.77688312278404e+001,3.41287677199296e+001,1.01790368290797e+001
6.93473700905062e+001,3.41351691576408e+001,1.04109945473916e+001
7.09626778467150e+001,3.41418621925757e+001,1.06479974426796e+001
7.26156109540202e+001,3.41488596275836e+001,1.08901386220447e+001
7.43070458194344e+001,3.41561747830961e+001,1.11375117533018e+001
7.60378792641121e+001,3.41638215139264e+001,1.13902109788010e+001
7.78090289988560e+001,3.41718142262238e+001,1.16483308218922e+001
7.96214341106993e+001,3.41801678945386e+001,1.19119660856703e+001
8.14760555608224e+001,3.41888980789536e+001,1.21812117436240e+001
8.33738766940670e+001,3.41980209422287e+001,1.24561628218165e+001
8.53159037603184e+001,3.42075532669006e+001,1.27369142722213e+001
8.73031664480331e+001,3.42175124722755e+001,1.30235608368394e+001
8.93367184301925e+001,3.42279166312423e+001,1.33161969022283e+001
9.14176379229749e+001,3.42387844868307e+001,1.36149163440816e+001
9.35470282574395e+001,3.42501354684310e+001,1.39198123615072e+001
9.57260184645275e+001,3.42619897075820e+001,1.42309773006668e+001
9.79557638736891e+001,3.42743680532301e+001,1.45485024674587e+001
1.00237446725454e+002,3.42872920863518e+001,1.48724779289483e+001
1.02572276798273e+002,3.43007841338252e+001,1.52029923032779e+001
1.04961492049954e+002,3.43148672814263e+001,1.55401325378220e+001
1.07406359274050e+002,3.43295653858198e+001,1.58839836753915e+001
1.09908174771525e+002,3.43449030854034e+001,1.62346286083377e+001
1.12468265038070e+002,3.43609058098576e+001,1.65921478204571e+001
1.15087987467431e+002,3.43775997882438e+001,1.69566191166559e+001
1.17768731071118e+002,3.43950120554867e+001,1.73281173404041e+001
1.20511917214871e+002,3.44131704570669e+001,1.77067140790759e+001
1.23319000372296e+002,3.44321036517447e+001,1.80924773573641e+001
1.26191468896038e+002,3.44518411121283e+001,1.84854713190374e+001
1.29130845806931e+002,3.44724131228928e+001,1.88857558974173e+001
1.32138689601519e+002,3.44938507764516e+001,1.92933864750526e+001
1.35216595078396e+002,3.45161859658797e+001,1.97084135331897e+001
1.38366194183787e+002,3.45394513748807e+001,2.01308822917595e+001
1.41589156876827e+002,3.45636804645940e+001,2.05608323407361e+001
1.44887192014998e+002,3.45889074570334e+001,2.09982972638627e+001
1.48262048260183e+002,3.46151673149530e+001,2.14433042558881e+001
1.51715515005836e+002,3.46424957179407e+001,2.18958737346137e+001
1.55249423325738e+002,3.46709290345443e+001,2.23560189492046e+001
1.58865646944856e+002,3.47005042902452e+001,2.28237455863927e+001
1.62566103232819e+002,3.47312591311052e+001,2.32990513763566e+001
1.66352754220534e+002,3.47632317829285e+001,2.37819257002381e+001
1.70227607640475e+002,3.47964610057945e+001,2.42723492014185e+001
1.74192717991216e+002,3.48309860438418e+001,2.47702934028437e+001
1.78250187626749e+002,3.48668465702053e+001,2.52757203328477e+001
1.82402167871181e+002,3.49040826270358e+001,2.57885821620719e+001
1.86650860159398e+002,3.49427345605628e+001,2.63088208542189e+001
1.90998517204287e+002,3.49828429511960e+001,2.68363678335090e+001
1.95447444191162e+002,3.50244485386961e+001,2.73711436718099e+001
1.99999999999999e+002,3.50675921424895e+001,2.79130577985082e+001
2.04658598456150e+002,3.51123145772425e+001,2.84620082362470e+001
2.09425709610179e+002,3.51586565638585e+001,2.90178813656999e+001
2.14303861047521e+002,3.52066586361099e+001,2.95805517225561e+001
2.19295639228636e+002,3.52563610431671e+001,3.01498818298651e+001
2.24403690860392e+002,3.53078036483400e+001,3.07257220688329e+001
2.29630724299376e+002,3.53610258243993e+001,3.13079105910565e+001
2.34979510987905e+002,3.54160663458973e+001,3.18962732750449e+001
2.40452886923482e+002,3.54729632789630e+001,3.24906237296944e+001
2.46053754162476e+002,3.55317538690938e+001,3.30907633471561e+001
2.51785082358833e+002,3.55924744275189e+001,3.36964814072660e+001
2.57649910338626e+002,3.56551602167491e+001,3.43075552353970e+001
2.63651347711281e+002,3.57198453359775e+001,3.49237504152348e+001
2.69792576518330e+002,3.57865626070222e+001,3.55448210575927e+001
2.76076852920576e+002,3.58553434615432e+001,3.61705101259411e+001
2.82507508924550e+002,3.59262178302798e+001,3.68005498188789e+001
2.89087954149185e+002,3.59992140350791e+001,3.74346620092727e+001
2.95821677633641e+002,3.60743586844892e+001,3.80725587392888e+001
3.02712249687241e+002,3.61516765736934e+001,3.87139427700116e+001
3.09763323782495e+002,3.62311905895511e+001,3.93585081838167e+001
3.16978638492222e+002,3.63129216214906e+001,4.00059410371234e+001
3.24362019471785e+002,3.63968884789731e+001,4.06559200606392e+001
3.31917381487511e+002,3.64831078162069e+001,4.13081174036917e+001
3.39648730492348e+002,3.65715940647438e+001,4.19621994187648e+001
3.47560165749874e+002,3.66623593745334e+001,4.26178274819062e+001
3.55655882007783e+002,3.67554135639461e+001,4.32746588442638e+001
3.63940171721995e+002,3.68507640792046e+001,4.39323475096507e+001
3.72417427332572e+002,3.69484159635822e+001,4.45905451327314e+001
3.81092143592648e+002,3.70483718366457e+001,4.52489019321793e+001
3.89968919951608e+002,3.71506318837298e+001,4.59070676129801e+001
3.99052462993775e+002,3.72551938557399e+001,4.65646922919396e+001
4.08347588933904e+002,3.73620530792866e+001,4.72214274204225e+001
4.17859226170806e+002,3.74712024770645e+001,4.78769266983778e+001
4.27592417900445e+002,3.75826325982935e+001,4.85308469738129e+001
4.37552324789909e+002,3.76963316589556e+001,4.91828491220496e+001
4.47744227713666e+002,3.78122855914730e+001,4.98325988993353e+001
4.58173530553553e+002,3.79304781033966e+001,5.04797677656836e+001
4.68845763063983e+002,3.80508907445978e+001,5.11240336721718e+001
4.79766583803896e+002,3.81735029823964e+001,5.17650818083307e+001
4.90941783137004e+002,3.82982922839951e+001,5.24026053057057e+001
5.02377286301914e+002,3.84252342055460e+001,5.30363058941508e+001
5.14079156553771e+002,3.85543024871354e+001,5.36658945079231e+001
5.26053598379074e+002,3.86854691529417e+001,5.42910918391670e+001
5.38306960785381e+002,3.88187046158047e+001,5.49116288369122e+001
5.50845740667631e+002,3.89539777854310e+001,5.55272471502417e+001
5.63676586252888e+002,3.90912561794614e+001,5.61376995148082e+001
5.76806300625319e+002,3.92305060366328e+001,5.67427500823972e+001
5.90241845333275e+002,3.93716924312837e+001,5.73421746937162e+001
6.03990344080401e+002,3.95147793884741e+001,5.79357610950588e+001
6.18059086502716e+002,3.96597299990243e+001,5.85233090999247e+001
6.32455532033673e+002,3.98065065338090e+001,5.91046306970664e+001
6.47187313859254e+002,3.99550705566867e+001,5.96795501068005e+001
6.62262242965179e+002,4.01053830354909e+001,6.02479037877264e+001
6.77688312278402e+002,4.02574044505542e+001,6.08095403962746e+001
6.93473700905060e+002,4.04110949002910e+001,6.13643207017346e+001
7.09626778467148e+002,4.05664142034156e+001,6.19121174595974e+001
7.26156109540200e+002,4.07233219974249e+001,6.24528152461894e+001
7.43070458194342e+002,4.08817778330292e+001,6.29863102576855e+001
7.60378792641119e+002,4.10417412642653e+001,6.35125100766413e+001
7.78090289988558e+002,4.12031719340788e+001,6.40313334092212e+001
7.96214341106991e+002,4.13660296552102e+001,6.45427097962923e+001
8.14760555608222e+002,4.15302744862661e+001,6.50465793015131e+001
8.33738766940667e+002,4.16958668029021e+001,6.55428921794869e+001
8.53159037603181e+002,4.18627673640837e+001,6.60316085269618e+001
8.73031664480328e+002,4.20309373734295e+001,6.65126979199503e+001
8.93367184301922e+002,4.22003385356763e+001,6.69861390395161e+001
9.14176379229746e+002,4.23709331083366e+001,6.74519192888394e+001
9.35470282574392e+002,4.25426839486451e+001,6.79100344040162e+001
9.57260184645272e+002,4.27155545559180e+001,6.83604880608938e+001
9.79557638736888e+002,4.28895091094679e+001,6.88032914800789e+001
1.00237446725454e+003,4.30645125022337e+001,6.92384630320851e+001
1.02572276798272e+003,4.32405303703040e+001,6.96660278444223e+001
1.04961492049954e+003,4.34175291185189e+001,7.00860174122593e+001
1.07406359274050e+003,4.35954759423483e+001,7.04984692141318e+001
1.09908174771524e+003,4.37743388462501e+001,7.09034263339995e+001
1.12468265038069e+003,4.39540866587146e+001,7.13009370908093e+001
1.15087987467431e+003,4.41346890442071e+001,7.16910546765689e+001
1.17768731071117e+003,4.43161165122177e+001,7.20738368037918e+001
1.20511917214871e+003,4.44983404236280e+001,7.24493453630457e+001
1.23319000372296e+003,4.46813329946016e+001,7.28176460912055e+001
1.26191468896038e+003,4.48650672982009e+001,7.31788082508999e+001
1.29130845806930e+003,4.50495172639282e+001,7.35329043215285e+001
1.32138689601518e+003,4.52346576753828e+001,7.38800097021262e+001
1.35216595078396e+003,4.54204641662206e+001,7.42202024262648e+001
1.38366194183787e+003,4.56069132145936e+001,7.45535628890924e+001
1.41589156876827e+003,4.57939821362407e+001,7.48801735865410e+001
1.44887192014997e+003,4.59816490763932e+001,7.52001188666632e+001
1.48262048260183e+003,4.61698930006494e+001,7.55134846930003e+001
1.51715515005836e+003,4.63586936849667e+001,7.58203584198306e+001
1.55249423325738e+003,4.65480317049076e+001,7.61208285791018e+001
1.58865646944855e+003,4.67378884242736e+001,7.64149846788111e+001
1.62566103232819e+003,4.69282459832471e+001,7.67029170125602e+001
1.66352754220533e+003,4.71190872861583e+001,7.69847164799927e+001
1.70227607640474e+003,4.73103959889839e+001,7.72604744177816e+001
1.74192717991215e+003,4.75021564866778e+001,7.75302824408341e+001
1.78250187626748e+003,4.76943539004290e+001,7.77942322933525e+001
1.82402167871181e+003,4.78869740649309e+001,7.80524157093827e+001
1.86650860159397e+003,4.80800035157455e+001,7.83049242824763e+001
1.90998517204286e+003,4.82734294768350e+001,7.85518493440832e+001
1.95447444191161e+003,4.84672398483318e+001,7.87932818502896e+001
1.99999999999999e+003,4.86614231946097e+001,7.90293122765232e+001
2.04658598456150e+003,4.88559687327170e+001,7.92600305198345e+001
2.09425709610179e+003,4.90508663212246e+001,7.94855258083828e+001
2.14303861047520e+003,4.92461064495424e+001,7.97058866177516e+001
2.19295639228636e+003,4.94416802277493e+001,7.99212005937222e+001
2.24403690860391e+003,4.96375793769819e+001,8.01315544811520e+001
2.29630724299375e+003,4.98337962204227e+001,8.03370340585981e+001
2.34979510987905e+003,5.00303236749259e+001,8.05377240783511e+001
2.40452886923481e+003,5.02271552433178e+001,8.07337082115380e+001
2.46053754162475e+003,5.04242850074053e+001,8.09250689979755e+001
2.51785082358832e+003,5.06217076217255e+001,8.11118878004557e+001
2.57649910338625e+003,5.08194183080678e+001,8.12942447631629e+001
2.63651347711280e+003,5.10174128507985e+001,8.14722187739242e+001
2.69792576518329e+003,5.12156875930182e+001,8.16458874300138e+001
2.76076852920575e+003,5.14142394335804e+001,8.18153270072290e+001
2.82507508924549e+003,5.16130658250007e+001,8.19806124319836e+001
2.89087954149184e+003,5.18121647722860e+001,8.21418172561525e+001
2.95821677633640e+003,5.20115348327130e+001,8.22990136344242e+001
3.02712249687240e+003,5.22111751165857e+001,8.24522723039252e+001
3.09763323782494e+003,5.24110852890049e+001,8.26016625658813e+001
3.16978638492221e+003,5.26112655726798e+001,8.27472522690932e+001
3.24362019471784e+003,5.28117167518167e+001,8.28891077950090e+001
3.31917381487510e+003,5.30124401771214e+001,8.30272940441900e+001
3.39648730492347e+003,5.32134377719506e+001,8.31618744239503e+001
3.47560165749873e+003,5.34147120396548e+001,8.32929108369866e+001
3.55655882007782e+003,5.36162660721531e+001,8.34204636707895e+001
3.63940171721994e+003,5.38181035597877e+001,8.35445917876516e+001
3.72417427332571e+003,5.40202288025049e+001,8.36653525150789e+001
3.81092143592647e+003,5.42226467224162e+001,8.37828016364189e+001
3.89968919951606e+003,5.44253628777955e+001,8.38969933815188e+001
3.99052462993773e+003,5.46283834785737e+001,8.40079804172251e+001
4.08347588933903e+003,5.48317154033945e+001,8.41158138375378e+001
4.17859226170805e+003,5.50353662183052e+001,8.42205431532320e+001
4.27592417900444e+003,5.52393441971552e+001,8.43222162807502e+001
4.37552324789908e+003,5.54436583437881e+001,8.44208795301662e+001
4.47744227713665e+003,5.56483184161142e+001,8.45165775920286e+001
4.58173530553552e+003,5.58533349521619e+001,8.46093535228646e+001
4.68845763063981e+003,5.60587192982117e+001,8.46992487291253e+001
4.79766583803895e+003,5.62644836391270e+001,8.47863029493558e+001
4.90941783137003e+003,5.64706410310036e+001,8.48705542343415e+001
5.02377286301913e+003,5.66772054362733e+001,8.49520389249801e+001
5.14079156553769e+003,5.68841917614041e+001,8.50307916276151e+001
5.26053598379073e+003,5.70916158973570e+001,8.51068451865387e+001
5.38306960785379e+003,5.72994947629670e+001,8.51802306533638e+001
5.50845740667629e+003,5.75078463514385e+001,8.52509772529332e+001
5.63676586252887e+003,5.77166897801528e+001,8.53191123454058e+001
5.76806300625317e+003,5.79260453440115e+001,8.53846613841460e+001
5.90241845333273e+003,5.81359345725544e+001,8.54476478689867e+001
6.03990344080399e+003,5.83463802911132e+001,8.55080932944135e+001
6.18059086502713e+003,5.85574066862878e+001,8.55660170921686e+001
6.32455532033671e+003,5.87690393760569e+001,8.56214365677337e+001
6.47187313859252e+003,5.89813054848641e+001,8.56743668300836e+001
6.62262242965177e+003,5.91942337240536e+001,8.57248207140482e+001
6.77688312278400e+003,5.94078544780648e+001,8.57728086945516e+001
6.93473700905058e+003,5.96221998968345e+001,8.58183387919202e+001
7.09626778467146e+003,5.98373039949009e+001,8.58614164673624e+001
7.26156109540197e+003,6.00532027577510e+001,8.59020445076105e+001
7.43070458194339e+003,6.02699342560076e+001,8.59402228976294e+001
7.60378792641117e+003,6.04875387681162e+001,8.59759486801426e+001
7.78090289988555e+003,6.07060589122540e+001,8.60092158005824e+001
7.96214341106988e+003,6.09255397882665e+001,8.60400149359286e+001
8.14760555608219e+003,6.11460291305178e+001,8.60683333056824e+001
8.33738766940664e+003,6.13675774726375e+001,8.60941544630135e+001
8.53159037603179e+003,6.15902383252568e+001,8.61174580638886e+001
8.73031664480325e+003,6.18140683679465e+001,8.61382196116773e+001
8.93367184301919e+003,6.20391276567063e+001,8.61564101744305e+001
9.14176379229743e+003,6.22654798485125e+001,8.61719960716358e+001
9.35470282574389e+003,6.24931924446031e+001,8.61849385268331e+001
9.57260184645269e+003,6.27223370543844e+001,8.61951932819637e+001
9.79557638736884e+003,6.29529896820638e+001,8.62027101687594e+001
1.00237446725454e+004,6.31852310383791e+001,8.62074326317984e+001
1.02572276798272e+004,6.34191468800842e+001,8.62092971970699e+001
1.04961492049954e+004,6.36548283801948e+001,8.62082328790086e+001
1.07406359274050e+004,6.38923725323825e+001,8.62041605178184e+001
1.09908174771524e+004,6.41318825933550e+001,8.61969920377679e+001
1.12468265038069e+004,6.43734685675728e+001,8.61866296155419e+001
1.15087987467430e+004,6.46172477392520e+001,8.61729647460900e+001
1.17768731071117e+004,6.48633452572874e+001,8.61558771913106e+001
1.20511917214871e+004,6.51118947795376e+001,8.61352337944833e+001
1.23319000372295e+004,6.53630391838427e+001,8.61108871404153e+001
1.26191468896038e+004,6.56169313542407e+001,8.60826740378586e+001
1.29130845806930e+004,6.58737350521242e+001,8.60504137964945e+001
1.32138689601518e+004,6.61336258835856e+001,8.60139062658128e+001
1.35216595078395e+004,6.63967923759701e+001,8.59729295970995e+001
1.38366194183786e+004,6.66634371787544e+001,8.59272376823894e+001
1.41589156876826e+004,6.69337784063616e+001,8.58765572152023e+001
1.44887192014997e+004,6.72080511434887e+001,8.58205843069015e+001
1.48262048260182e+004,6.74865091370762e+001,8.57589805789303e+001
1.51715515005835e+004,6.77694267033098e+001,8.56913686344351e+001
1.55249423325737e+004,6.80571008831855e+001,8.56173267919577e+001
1.58865646944855e+004,6.83498538863879e+001,8.55363829378833e+001
1.62566103232818e+004,6.86480358707996e+001,8.54480073216822e+001
1.66352754220533e+004,6.89520281141915e+001,8.53516040767377e+001
1.70227607640474e+004,6.92622466459892e+001,8.52465011970919e+001
1.74192717991215e+004,6.95791464209856e+001,8.51319386334579e+001
1.78250187626748e+004,6.99032261342006e+001,8.50070540853853e+001
1.82402167871180e+004,7.02350337976854e+001,8.48708659545197e+001
1.86650860159397e+004,7.05751732271195e+001,8.47222527773899e+001
1.90998517204286e+004,7.09243116201484e+001,8.45599282632580e+001
1.95447444191160e+004,7.12831884516179e+001,8.43824108061652e+001
1.99999999999998e+004,7.16526259659726e+001,8.41879859965274e+001
2.04658598456149e+004,7.20335416177919e+001,8.39746601921833e+001
2.09425709610178e+004,7.24269629027358e+001,8.37401025722591e+001
2.14303861047519e+004,7.28340451397982e+001,8.34815722169950e+001
2.19295639228635e+004,7.32560929208474e+001,8.31958255254188e+001
2.24403690860391e+004,7.36945861473779e+001,8.28789975386942e+001
2.29630724299375e+004,7.41512118440101e+001,8.25264482335875e+001
2.34979510987904e+004,7.46279032962181e+001,8.21325612051322e+001
2.40452886923480e+004,7.51268885361151e+001,8.16904767669448e+001
2.46053754162474e+004,7.56507508336204e+001,8.11917333938465e+001
2.51785082358831e+004,7.62025046876291e+001,8.06257790289399e+001
2.57649910338625e+004,7.67856919008051e+001,7.99792944299385e+001
2.63651347711279e+004,7.74045036878346e+001,7.92352399222689e+001
2.69792576518328e+004,7.80639363458813e+001,7.83714867825199e+001
2.76076852920574e+004,7.87699894700055e+001,7.73588109437784e+001
2.82507508924548e+004,7.95299159310628e+001,7.61578841644159e+001
2.89087954149183e+004,8.03525287136300e+001,7.47146485880704e+001
2.95821677633639e+004,8.12485525946926e+001,7.29530150974999e+001
3.02712249687239e+004,8.22309548014470e+001,7.07630163767112e+001
3.09763323782493e+004,8.33150322293536e+001,6.79810750066166e+001
3.16978638492220e+004,8.45175868863663e+001,6.43564931871762e+001
3.24362019471783e+004,8.58532564945478e+001,5.94946478724377e+001
3.31917381487509e+004,8.73225647850959e+001,5.27669823404357e+001
3.39648730492346e+004,8.88777217575090e+001,4.32088339676400e+001
3.47560165749872e+004,9.03417750735019e+001,2.96070087652486e+001
3.55655882007781e+004,9.13078924094885e+001,1.14770078450224e+001
3.63940171721993e+004,9.12995336709216e+001,-8.85496266961312e+000
3.72417427332570e+004,9.03218491269760e+001,-2.69204150083741e+001
3.81092143592646e+004,8.88543164010363e+001,-4.04471861023417e+001
3.89968919951605e+004,8.73000876889101e+001,-4.99467475675437e+001
3.99052462993772e+004,8.58331768888277e+001,-5.66322637101761e+001
4.08347588933902e+004,8.45001390769454e+001,-6.14627031074444e+001
4.17859226170804e+004,8.33000504658640e+001,-6.50620729048873e+001
4.27592417900442e+004,8.22181811420846e+001,-6.78221169150151e+001
4.37552324789906e+004,8.12377371490127e+001,-6.99917892373888e+001
4.47744227713664e+004,8.03434568489329e+001,-7.17336021301472e+001
4.58173530553550e+004,7.95224112416584e+001,-7.31568551519112e+001
4.68845763063980e+004,7.87639095383003e+001,-7.43372054368787e+001
4.79766583803894e+004,7.80591670867896e+001,-7.53284220827060e+001
4.90941783137001e+004,7.74009541140151e+001,-7.61696338809936e+001
5.02377286301911e+004,7.67832897674873e+001,-7.68899225698412e+001
5.14079156553768e+004,7.62011930164530e+001,-7.75113119364743e+001
5.26053598379071e+004,7.56504851838208e+001,-7.80507617026097e+001
5.38306960785378e+004,7.51276348739637e+001,-7.85215281411834e+001
5.50845740667628e+004,7.46296363316342e+001,-7.89341120468223e+001
5.63676586252885e+004,7.41539137286768e+001,-7.92969318346171e+001
5.76806300625316e+004,7.36982454522771e+001,-7.96168097908918e+001
5.90241845333271e+004,7.32607038304590e+001,-7.98993289222170e+001
6.03990344080397e+004,7.28396068152500e+001,-8.01490986400050e+001
6.18059086502712e+004,7.24334789776297e+001,-8.03699552001006e+001
6.32455532033670e+004,7.20410197990679e+001,-8.05651147660997e+001
6.47187313859250e+004,7.16610777186394e+001,-8.07372916082334e+001
6.62262242965176e+004,7.12926287510555e+001,-8.08887903262791e+001
6.77688312278398e+004,7.09347587593742e+001,-8.10215784961822e+001
6.93473700905056e+004,7.05866486691924e+001,-8.11373444055407e+001
7.09626778467144e+004,7.02475620655615e+001,-8.12375433186210e+001
7.26156109540195e+004,6.99168347319888e+001,-8.13234348358977e+001
7.43070458194337e+004,6.95938657818155e+001,-8.13961132796563e+001
7.60378792641115e+004,6.92781101026926e+001,-8.14565325741479e+001
7.78090289988553e+004,6.89690718897659e+001,-8.15055267465100e+001
7.96214341106986e+004,6.86662990862354e+001,-8.15438269195076e+001
8.14760555608217e+004,6.83693785839200e+001,-8.15720754750252e+001
8.33738766940662e+004,6.80779320634200e+001,-8.15908379214544e+001
8.53159037603176e+004,6.77916123749829e+001,-8.16006128865321e+001
8.73031664480323e+004,6.75101003784569e+001,-8.16018405712185e+001
8.93367184301917e+004,6.72331021746403e+001,-8.15949099333163e+001
9.14176379229740e+004,6.69603466716450e+001,-8.15801648174600e+001
9.35470282574386e+004,6.66915834390944e+001,-8.15579092068190e+001
9.57260184645266e+004,6.64265808105219e+001,-8.15284117395383e+001
9.79557638736882e+004,6.61651242005330e+001,-8.14919096068635e+001
1.00237446725453e+005,6.59070146084242e+001,-8.14486119292569e+001
1.02572276798272e+005,6.56520672841960e+001,-8.13987026900803e+001
1.04961492049953e+005,6.54001105364413e+001,-8.13423432929054e+001
1.07406359274049e+005,6.51509846645515e+001,-8.12796747975607e+001
1.09908174771524e+005,6.49045410001616e+001,-8.12108198810286e+001
1.12468265038069e+005,6.46606410448553e+001,-8.11358845619646e+001
1.15087987467430e+005,6.44191556929133e+001,-8.10549597215650e+001
1.17768731071117e+005,6.41799645293908e+001,-8.09681224484783e+001
1.20511917214870e+005,6.39429551950841e+001,-8.08754372313166e+001
1.23319000372295e+005,6.37080228110360e+001,-8.07769570188456e+001
1.26191468896037e+005,6.34750694561604e+001,-8.06727241650596e+001
1.29130845806930e+005,6.32440036923634e+001,-8.05627712738818e+001
1.32138689601518e+005,6.30147401322326e+001,-8.04471219562180e+001
1.35216595078395e+005,6.27871990449496e+001,-8.03257915103663e+001
1.38366194183786e+005,6.25613059966042e+001,-8.01987875352996e+001
1.41589156876826e+005,6.23369915215273e+001,-8.00661104851218e+001
1.44887192014996e+005,6.21141908216479e+001,-7.99277541719344e+001
1.48262048260182e+005,6.18928434912177e+001,-7.97837062234620e+001
1.51715515005835e+005,6.16728932645372e+001,-7.96339485009919e+001
1.55249423325737e+005,6.14542877845800e+001,-7.94784574825498e+001
1.58865646944855e+005,6.12369783906308e+001,-7.93172046156436e+001
1.62566103232818e+005,6.10209199232531e+001,-7.91501566434567e+001
1.66352754220532e+005,6.08060705450792e+001,-7.89772759078898e+001
1.70227607640473e+005,6.05923915760611e+001,-7.87985206325659e+001
1.74192717991214e+005,6.03798473419621e+001,-7.86138451885199e+001
1.78250187626747e+005,6.01684050349839e+001,-7.84232003450955e+001
1.82402167871180e+005,5.99580345855309e+001,-7.82265335082730e+001
1.86650860159396e+005,5.97487085442054e+001,-7.80237889484869e+001
1.90998517204285e+005,5.95404019732090e+001,-7.78149080197992e+001
1.95447444191160e+005,5.93330923463999e+001,-7.75998293721323e+001
1.99999999999998e+005,5.91267594573175e+001,-7.73784891581368e+001
2.04658598456148e+005,5.89213853345449e+001,-7.71508212361524e+001
2.09425709610177e+005,5.87169541638278e+001,-7.69167573705918e+001
2.14303861047519e+005,5.85134522164144e+001,-7.66762274310096e+001
2.19295639228634e+005,5.83108677831189e+001,-7.64291595910229e+001
2.24403690860390e+005,5.81091911136450e+001,-7.61754805281716e+001
2.29630724299374e+005,5.79084143607381e+001,-7.59151156257279e+001
2.34979510987903e+005,5.77085315287572e+001,-7.56479891774421e+001
2.40452886923480e+005,5.75095384262836e+001,-7.53740245960885e+001
2.46053754162473e+005,5.73114326224040e+001,-7.50931446266811e+001
2.51785082358830e+005,5.71142134063153e+001,-7.48052715651380e+001
2.57649910338624e+005,5.69178817499248e+001,-7.45103274831310e+001
2.63651347711278e+005,5.67224402731188e+001,-7.42082344598085e+001
2.69792576518327e+005,5.65278932113925e+001,-7.38989148210248e+001
2.76076852920574e+005,5.63342463855365e+001,-7.35822913866466e+001
2.82507508924547e+005,5.61415071730838e+001,-7.32582877264688e+001
2.89087954149182e+005,5.59496844812279e+001,-7.29268284251940e+001
2.95821677633638e+005,5.57587887209222e+001,-7.25878393568787e+001
3.02712249687238e+005,5.55688317818788e+001,-7.22412479691745e+001
3.09763323782492e+005,5.53798270081818e+001,-7.18869835776284e+001
3.16978638492219e+005,5.51917891742373e+001,-7.15249776702223e+001
3.24362019471782e+005,5.50047344607753e+001,-7.11551642222405e+001
3.31917381487508e+005,5.48186804306270e+001,-7.07774800214896e+001
3.39648730492345e+005,5.46336460039958e+001,-7.03918650037598e+001
3.47560165749871e+005,5.44496514329425e+001,-6.99982625983451e+001
3.55655882007780e+005,5.42667182748059e+001,-6.95966200833097e+001
3.63940171721992e+005,5.40848693642810e+001,-6.91868889500638e+001
3.72417427332569e+005,5.39041287838773e+001,-6.87690252767075e+001
3.81092143592644e+005,5.37245218324857e+001,-6.83429901094300e+001
3.89968919951604e+005,5.35460749917813e+001,-6.79087498511456e+001
3.99052462993771e+005,5.33688158902009e+001,-6.74662766563672e+001
4.08347588933901e+005,5.31927732642340e+001,-6.70155488311813e+001
4.17859226170802e+005,5.30179769167822e+001,-6.65565512370188e+001
4.27592417900441e+005,5.28444576723451e+001,-6.60892756967535e+001
4.37552324789905e+005,5.26722473288111e+001,-6.56137214014833e+001
4.47744227713662e+005,5.25013786056430e+001,-6.51298953161934e+001
4.58173530553549e+005,5.23318850882669e+001,-6.46378125823136e+001
4.68845763063978e+005,5.21638011684985e+001,-6.41374969150249e+001
4.79766583803892e+005,5.19971619808587e+001,-6.36289809930069e+001
4.90941783136999e+005,5.18320033346655e+001,-6.31123068381506e+001
5.02377286301909e+005,5.16683616418147e+001,-6.25875261826276e+001
5.14079156553766e+005,5.15062738401992e+001,-6.20547008205706e+001
5.26053598379069e+005,5.13457773127522e+001,-6.15139029414839e+001
5.38306960785376e+005,5.11869098021438e+001,-6.09652154424340e+001
5.50845740667626e+005,5.10297093211993e+001,-6.04087322159670e+001
5.63676586252883e+005,5.08742140591584e+001,-5.98445584106615e+001
5.76806300625313e+005,5.07204622839408e+001,-5.92728106611973e+001
5.90241845333269e+005,5.05684922406350e+001,-5.86936172848423e+001
6.03990344080395e+005,5.04183420464815e+001,-5.81071184412763e+001
6.18059086502710e+005,5.02700495826715e+001,-5.75134662527920e+001
6.32455532033667e+005,5.01236523833394e+001,-5.69128248820008e+001
6.47187313859247e+005,4.99791875221791e+001,-5.63053705643527e+001
6.62262242965173e+005,4.98366914971668e+001,-5.56912915929862e+001
6.77688312278396e+005,4.96962001139235e+001,-5.50707882536657e+001
6.93473700905054e+005,4.95577483682973e+001,-5.44440727078690e+001
7.09626778467141e+005,4.94213703287916e+001,-5.38113688224079e+001
7.26156109540192e+005,4.92870990195003e+001,-5.31729119443637e+001
7.43070458194335e+005,4.91549663042501e+001,-5.25289486205097e+001
7.60378792641112e+005,4.90250027726717e+001,-5.18797362608617e+001
7.78090289988550e+005,4.88972376289466e+001,-5.12255427464603e+001
7.96214341106983e+005,4.87716985839851e+001,-5.05666459820050e+001
8.14760555608214e+005,4.86484117517949e+001,-4.99033333944693e+001
8.33738766940659e+005,4.85274015507965e+001,-4.92359013793655e+001
8.53159037603173e+005,4.84086906108237e+001,-4.85646546968590e+001
8.73031664480319e+005,4.82922996865238e+001,-4.78899058204649e+001
8.93367184301913e+005,4.81782475778383e+001,-4.72119742415781e+001
9.14176379229737e+005,4.80665510582009e+001,-4.65311857335809e+001
9.35470282574383e+005,4.79572248110342e+001,-4.58478715797474e+001
9.57260184645263e+005,4.78502813750687e+001,-4.51623677695809e+001
9.79557638736878e+005,4.77457310989338e+001,-4.44750141686158e+001
1.00237446725453e+006,4.76435821053963e+001,-4.37861536670400e+001
1.02572276798271e+006,4.75438402655363e+001,-4.30961313127705e+001
1.04961492049953e+006,4.74465091830665e+001,-4.24052934348081e+001
1.07406359274049e+006,4.73515901889035e+001,-4.17139867628677e+001
1.09908174771523e+006,4.72590823460123e+001,-4.10225575493053e+001
1.12468265038068e+006,4.71689824644443e+001,-4.03313506994085e+001
1.15087987467430e+006,4.70812851264003e+001,-3.96407089159937e+001
1.17768731071116e+006,4.69959827210547e+001,-3.89509718641461e+001
1.20511917214870e+006,4.69130654887892e+001,-3.82624753616827e+001
1.23319000372295e+006,4.68325215744003e+001,-3.75755506006766e+001
1.26191468896037e+006,4.67543370887674e+001,-3.68905234050079e+001
1.29130845806929e+006,4.66784961783965e+001,-3.62077135285141e+001
1.32138689601517e+006,4.66049811021899e+001,-3.55274339978963e+001
1.35216595078394e+006,4.65337723147404e+001,-3.48499905040154e+001
1.38366194183785e+006,4.64648485553994e+001,-3.41756808447241e+001
1.41589156876825e+006,4.63981869423357e+001,-3.35047944218303e+001
1.44887192014996e+006,4.63337630707705e+001,-3.28376117942351e+001
1.48262048260181e+006,4.62715511145631e+001,-3.21744042887268e+001
1.51715515005834e+006,4.62115239303086e+001,-3.15154336693524e+001
1.55249423325736e+006,4.61536531631153e+001,-3.08609518657286e+001
1.58865646944854e+006,4.60979093532388e+001,-3.02112007601206e+001
1.62566103232817e+006,4.60442620427658e+001,-2.95664120326051e+001
1.66352754220532e+006,4.59926798815739e+001,-2.89268070631186e+001
1.70227607640473e+006,4.59431307318181e+001,-2.82925968887732e+001
1.74192717991213e+006,4.58955817702428e+001,-2.76639822143487e+001
1.78250187626746e+006,4.58499995876552e+001,-2.70411534735231e+001
1.82402167871179e+006,4.58063502849507e+001,-2.64242909380173e+001
1.86650860159395e+006,4.57645995651297e+001,-2.58135648715645e+001
1.90998517204284e+006,4.57247128208029e+001,-2.52091357253035e+001
1.95447444191159e+006,4.56866552167370e+001,-2.46111543710046e+001
1.99999999999997e+006,4.56503917670551e+001,-2.40197623683295e+001
2.04658598456148e+006,4.56158874067631e+001,-2.34350922622004e+001
2.09425709610177e+006,4.55831070573333e+001,-2.28572679062251e+001
2.14303861047518e+006,4.55520156861376e+001,-2.22864048080675e+001
2.19295639228634e+006,4.55225783595797e+001,-2.17226104926270e+001
2.24403690860389e+006,4.54947602898350e+001,-2.11659848788424e+001
2.29630724299373e+006,4.54685268751628e+001,-2.06166206660274e+001
2.34979510987902e+006,4.54438437338096e+001,-2.00746037256250e+001
2.40452886923479e+006,4.54206767315770e+001,-1.95400134944270e+001
2.46053754162472e+006,4.53989920031783e+001,-1.90129233653306e+001
2.51785082358829e+006,4.53787559675562e+001,-1.84934010719034e+001
2.57649910338623e+006,4.53599353373834e+001,-1.79815090631342e+001
2.63651347711277e+006,4.53424971230115e+001,-1.74773048649456e+001
2.69792576518326e+006,4.53264086311755e+001,-1.69808414252149e+001
2.76076852920573e+006,4.53116374588051e+001,-1.64921674392871e+001
2.82507508924546e+006,4.52981514823262e+001,-1.60113276531925e+001
2.89087954149181e+006,4.52859188428780e+001,-1.55383631419931e+001
2.95821677633637e+006,4.52749079278966e+001,-1.50733115610556e+001
3.02712249687237e+006,4.52650873495513e+001,-1.46162073681817e+001
3.09763323782491e+006,4.52564259205408e+001,-1.41670820150025e+001
3.16978638492218e+006,4.52488926277825e+001,-1.37259641062335e+001
3.24362019471781e+006,4.52424566045436e+001,-1.32928795258128e+001
3.31917381487507e+006,4.52370871015791e+001,-1.28678515292489e+001
3.39648730492343e+006,4.52327534578489e+001,-1.24509008019042e+001
3.47560165749869e+006,4.52294250713916e+001,-1.20420454833100e+001
3.55655882007779e+006,4.52270713709319e+001,-1.16413011579907e+001
3.63940171721991e+006,4.52256617887890e+001,-1.12486808136665e+001
3.72417427332567e+006,4.52251657356442e+001,-1.08641947681271e+001
3.81092143592643e+006,4.52255525777015e+001,-1.04878505664086e+001
3.89968919951603e+006,4.52267916167524e+001,-1.01196528503405e+001
3.99052462993769e+006,4.52288520736229e+001,-9.75960320287493e+000
4.08347588933899e+006,4.52317030754389e+001,-9.40769996995286e+000
4.17859226170801e+006,4.52353136471036e+001,-9.06393806300211e+000
4.27592417900439e+006,4.52396527073242e+001,-8.72830874549964e+000
4.37552324789903e+006,4.52446890694720e+001,-8.40079940716587e+000
4.47744227713660e+006,4.52503914474927e+001,-8.08139332975483e+000
4.58173530553547e+006,4.52567284670175e+001,-7.77006944839773e+000
4.68845763063976e+006,4.52636686817548e+001,-7.46680211272425e+000
4.79766583803890e+006,4.52711805951666e+001,-7.17156085190167e+000
4.90941783136998e+006,4.52792326873596e+001,-6.88431014791060e+000
5.02377286301907e+006,4.52877934470441e+001,-6.60500922109316e+000
5.14079156553764e+006,4.52968314083385e+001,-6.33361183213492e+000
5.26053598379067e+006,4.53063151921259e+001,-6.07006610418618e+000
5.38306960785374e+006,4.53162135515985e+001,-5.81431436885028e+000
5.50845740667624e+006,4.53264954215611e+001,-5.56629303925718e+000
5.63676586252881e+006,4.53371299710103e+001,-5.32593251314324e+000
5.76806300625311e+006,4.53480866584494e+001,-5.09315710849911e+000
5.90241845333267e+006,4.53593352893618e+001,-4.86788503386672e+000
6.03990344080393e+006,4.53708460752305e+001,-4.65002839481978e+000
6.18059086502707e+006,4.53825896934651e+001,-4.43949323779447e+000
6.32455532033665e+006,4.53945373475904e+001,-4.23617963177132e+000
6.47187313859245e+006,4.54066608270404e+001,-4.03998178790361e+000
6.62262242965171e+006,4.54189325659158e+001,-3.85078821656268e+000
6.77688312278393e+006,4.54313257000754e+001,-3.66848192088141e+000
6.93473700905051e+006,4.54438141219634e+001,-3.49294062526520e+000
7.09626778467138e+006,4.54563725326071e+001,-3.32403703700304e+000
7.26156109540190e+006,4.54689764902675e+001,-3.16163913862152e+000
7.43070458194332e+006,4.54816024552736e+001,-3.00561050829309e+000
7.60378792641109e+006,4.54942278306312e+001,-2.85581066536828e+000
7.78090289988547e+006,4.55068309980565e+001,-2.71209543761407e+000
7.96214341106980e+006,4.55193913491538e+001,-2.57431734692342e+000
8.14760555608211e+006,4.55318893115190e+001,-2.44232600970018e+000
8.33738766940656e+006,4.55443063696230e+001,-2.31596854842446e+000
8.53159037603170e+006,4.55566250803939e+001,-2.19509001059983e+000
8.73031664480316e+006,4.55688290834839e+001,-2.07953379148591e+000
8.93367184301910e+006,4.55809031062682e+001,-1.96914205706953e+000
9.14176379229734e+006,4.55928329636820e+001,-1.86375616389312e+000
9.35470282574379e+006,4.56046055530576e+001,-1.76321707241608e+000
9.57260184645259e+006,4.56162088441706e+001,-1.66736575097678e+000
9.79557638736875e+006,4.56276318647460e+001,-1.57604356758265e+000
1.00000000000000e+007,4.56377167614869e+001,-1.49785122787783e+000
