0.000000000000000e+000	-7.076017e-004
9.999999960041972e-013	-7.076017e-004
1.999999992008394e-012	-7.076017e-004
1.479999994086212e-010	-7.076017e-004
2.939999988252341e-010	-7.076017e-004
4.399999982418469e-010	-7.076017e-004
5.859999976584598e-010	-7.076017e-004
7.319999970750726e-010	-7.076017e-004
8.779999964916855e-010	-7.076017e-004
1.023999995908298e-009	-7.076017e-004
2.047999991816596e-009	-7.076017e-004
3.242568088926243e-009	-7.076014e-004
5.146254137606250e-009	-7.076004e-004
7.456788674266185e-009	-7.075954e-004
1.079044416301542e-008	-7.075723e-004
1.491391885519112e-008	-7.074899e-004
1.999666803119188e-008	-7.072442e-004
2.539771837077902e-008	-7.066839e-004
3.161013216271836e-008	-7.053157e-004
4.159628857577945e-008	-7.010408e-004
5.279629262940205e-008	-6.919219e-004
6.927868561641699e-008	-6.678655e-004
9.038940079411867e-008	-6.139442e-004
1.295072737904484e-007	-4.595370e-004
1.683208759180387e-007	-2.540261e-004
2.031780906177511e-007	-3.271879e-005
2.402400197418536e-007	2.225001e-004
2.758496535603332e-007	4.730037e-004
3.361434255716824e-007	8.925017e-004
4.282683560155123e-007	1.519364e-003
5.282683560155122e-007	2.189746e-003
1.128268356015512e-006	6.207108e-003
1.728268356015512e-006	1.021567e-002
2.328268356015511e-006	1.421542e-002
2.928268356015511e-006	1.820638e-002
3.528268356015511e-006	2.218853e-002
4.128268356015510e-006	2.616188e-002
4.728268356015508e-006	3.012643e-002
6.899696927444082e-006	4.441254e-002
9.071125498872655e-006	5.853681e-002
1.124255407030123e-005	7.249923e-002
1.341398264172980e-005	8.629982e-002
1.558541121315837e-005	9.993856e-002
1.775683978458695e-005	1.134155e-001
1.992826835601552e-005	1.267305e-001
2.329969692744412e-005	1.470516e-001
2.667112549887272e-005	1.667981e-001
3.004255407030133e-005	1.859701e-001
3.341398264172994e-005	2.045674e-001
3.678541121315853e-005	2.225903e-001
4.015683978458714e-005	2.400386e-001
4.352826835601573e-005	2.569123e-001
4.828541121315871e-005	2.796005e-001
5.304255407030168e-005	3.007763e-001
5.779969692744466e-005	3.204397e-001
6.255683978458763e-005	3.385907e-001
6.731398264173061e-005	3.552292e-001
7.207112549887358e-005	3.703553e-001
7.682826835601654e-005	3.839689e-001
8.007112549887377e-005	3.922505e-001
8.331398264173099e-005	3.997590e-001
8.655683978458821e-005	4.064943e-001
8.979969692744544e-005	4.124565e-001
9.304255407030265e-005	4.176456e-001
9.628541121315988e-005	4.220615e-001
9.952826835601710e-005	4.257043e-001
9.962826835601710e-005	4.258042e-001
1.016139826417314e-004	4.276333e-001
1.035996969274458e-004	4.291760e-001
1.055854112131601e-004	4.304322e-001
1.075711254988744e-004	4.314021e-001
1.095568397845888e-004	4.320855e-001
1.115425540703031e-004	4.324825e-001
1.135282683560174e-004	4.325932e-001
1.158282683560175e-004	4.323644e-001
1.181282683560176e-004	4.317709e-001
1.204282683560176e-004	4.308126e-001
1.227282683560177e-004	4.294896e-001
1.250282683560177e-004	4.278018e-001
1.273282683560178e-004	4.257492e-001
1.296282683560178e-004	4.233319e-001
1.338282683560179e-004	4.179423e-001
1.380282683560180e-004	4.115121e-001
1.422282683560181e-004	4.040415e-001
1.464282683560182e-004	3.955303e-001
1.506282683560183e-004	3.859786e-001
1.548282683560184e-004	3.753864e-001
1.590282683560185e-004	3.637536e-001
1.648854112131615e-004	3.458317e-001
1.707425540703045e-004	3.266688e-001
1.765996969274475e-004	3.062650e-001
1.824568397845905e-004	2.846202e-001
1.883139826417335e-004	2.617345e-001
1.941711254988765e-004	2.376078e-001
2.000282683560195e-004	2.122401e-001
2.020282683560196e-004	2.035353e-001
2.054568397845911e-004	1.883602e-001
2.088854112131626e-004	1.730711e-001
2.123139826417341e-004	1.576681e-001
2.157425540703056e-004	1.421513e-001
2.191711254988771e-004	1.265205e-001
2.225996969274487e-004	1.107758e-001
2.260282683560202e-004	9.491724e-002
2.284282683560202e-004	8.384081e-002
2.308282683560203e-004	7.279802e-002
2.332282683560203e-004	6.178886e-002
2.356282683560204e-004	5.081335e-002
2.380282683560205e-004	3.987148e-002
2.404282683560205e-004	2.896324e-002
2.428282683560206e-004	1.808865e-002
2.441854112131635e-004	1.197905e-002
2.455425540703064e-004	5.897417e-003
2.468996969274493e-004	-1.562591e-004
2.482568397845921e-004	-6.181975e-003
2.496139826417350e-004	-1.217973e-002
2.509711254988779e-004	-1.814953e-002
2.523282683560208e-004	-2.409136e-002
2.565282683560209e-004	-4.235296e-002
2.607282683560210e-004	-6.013318e-002
2.649282683560211e-004	-7.743203e-002
2.691282683560212e-004	-9.424951e-002
2.733282683560213e-004	-1.105856e-001
2.775282683560214e-004	-1.264403e-001
2.817282683560215e-004	-1.418137e-001
2.849568397845930e-004	-1.531662e-001
2.881854112131645e-004	-1.641036e-001
2.914139826417360e-004	-1.746259e-001
2.946425540703076e-004	-1.847330e-001
2.978711254988790e-004	-1.944251e-001
3.010996969274506e-004	-2.037020e-001
3.043282683560221e-004	-2.125638e-001
3.044282683560221e-004	-2.128301e-001
3.096425540703079e-004	-2.261585e-001
3.148568397845937e-004	-2.381962e-001
3.200711254988796e-004	-2.489431e-001
3.252854112131654e-004	-2.583994e-001
3.304996969274513e-004	-2.665649e-001
3.357139826417372e-004	-2.734397e-001
3.409282683560230e-004	-2.790238e-001
3.436282683560230e-004	-2.813666e-001
3.463282683560231e-004	-2.833563e-001
3.490282683560232e-004	-2.849930e-001
3.517282683560232e-004	-2.862766e-001
3.544282683560233e-004	-2.872071e-001
3.571282683560233e-004	-2.877846e-001
3.598282683560234e-004	-2.880091e-001
3.621996969274521e-004	-2.879184e-001
3.645711254988807e-004	-2.875703e-001
3.669425540703093e-004	-2.869645e-001
3.693139826417379e-004	-2.861012e-001
3.716854112131666e-004	-2.849804e-001
3.740568397845952e-004	-2.836019e-001
3.764282683560238e-004	-2.819660e-001
3.807568397845953e-004	-2.782903e-001
3.850854112131669e-004	-2.738841e-001
3.894139826417384e-004	-2.687473e-001
3.937425540703100e-004	-2.628799e-001
3.980711254988815e-004	-2.562821e-001
4.023996969274530e-004	-2.489536e-001
4.067282683560246e-004	-2.408946e-001
4.068282683560246e-004	-2.407027e-001
4.133568397845961e-004	-2.271360e-001
4.198854112131677e-004	-2.126151e-001
4.264139826417393e-004	-1.971400e-001
4.329425540703109e-004	-1.807106e-001
4.394711254988825e-004	-1.633271e-001
4.459996969274541e-004	-1.449892e-001
4.525282683560257e-004	-1.256972e-001
4.569854112131686e-004	-1.123769e-001
4.614425540703116e-004	-9.900188e-002
4.658996969274546e-004	-8.557214e-002
4.703568397845976e-004	-7.208767e-002
4.748139826417405e-004	-5.854847e-002
4.792711254988835e-004	-4.495454e-002
4.837282683560264e-004	-3.130588e-002
4.852996969274545e-004	-2.655049e-002
4.868711254988827e-004	-2.181397e-002
4.884425540703108e-004	-1.709631e-002
4.900139826417389e-004	-1.239752e-002
4.915854112131670e-004	-7.717590e-003
4.931568397845951e-004	-3.056527e-003
4.947282683560232e-004	1.585670e-003
4.967854112131650e-004	7.627930e-003
4.988425540703068e-004	1.361384e-002
5.008996969274486e-004	1.954342e-002
5.029568397845904e-004	2.541664e-002
5.050139826417322e-004	3.123352e-002
5.070711254988740e-004	3.699406e-002
5.091282683560158e-004	4.269826e-002
5.092282683560157e-004	4.297337e-002
5.140282683560132e-004	5.607144e-002
5.188282683560107e-004	6.865562e-002
5.236282683560083e-004	8.072592e-002
5.284282683560058e-004	9.228233e-002
5.332282683560033e-004	1.033249e-001
5.380282683560008e-004	1.138535e-001
5.428282683559983e-004	1.238683e-001
5.484425540702811e-004	1.347495e-001
5.540568397845640e-004	1.446648e-001
5.596711254988468e-004	1.536142e-001
5.652854112131295e-004	1.615978e-001
5.708996969274124e-004	1.686155e-001
5.765139826416952e-004	1.746673e-001
5.821282683559780e-004	1.797532e-001
5.854139826416906e-004	1.822233e-001
5.886996969274031e-004	1.843450e-001
5.919854112131157e-004	1.861185e-001
5.952711254988283e-004	1.875438e-001
5.985568397845409e-004	1.886208e-001
6.018425540702534e-004	1.893495e-001
6.051282683559661e-004	1.897300e-001
6.060425540702513e-004	1.897760e-001
6.069568397845366e-004	1.897959e-001
6.078711254988218e-004	1.897897e-001
6.087854112131070e-004	1.897573e-001
6.096996969273922e-004	1.896989e-001
6.106139826416775e-004	1.896143e-001
6.115282683559627e-004	1.895036e-001
6.116282683559627e-004	1.894900e-001
6.157425540702462e-004	1.886310e-001
6.198568397845299e-004	1.872896e-001
6.239711254988135e-004	1.854657e-001
6.280854112130970e-004	1.831594e-001
6.321996969273806e-004	1.803705e-001
6.363139826416642e-004	1.770991e-001
6.404282683559478e-004	1.733453e-001
6.463282683559447e-004	1.671125e-001
6.522282683559417e-004	1.601929e-001
6.581282683559386e-004	1.525866e-001
6.640282683559356e-004	1.442935e-001
6.699282683559325e-004	1.353136e-001
6.758282683559295e-004	1.256470e-001
6.817282683559264e-004	1.152936e-001
6.852996969273531e-004	1.088543e-001
6.888711254987799e-004	1.023010e-001
6.924425540702065e-004	9.563340e-002
6.960139826416333e-004	8.885167e-002
6.995854112130600e-004	8.195577e-002
7.031568397844868e-004	7.494569e-002
7.067282683559135e-004	6.782144e-002
7.140282683559097e-004	5.317187e-002
7.173854112130508e-004	4.635715e-002
7.207425540701919e-004	3.956211e-002
7.240996969273330e-004	3.278675e-002
7.274568397844742e-004	2.603107e-002
7.308139826416153e-004	1.929507e-002
7.341711254987564e-004	1.257875e-002
7.375282683558975e-004	5.882116e-003
7.389568397844682e-004	3.061456e-003
7.403854112130389e-004	2.550818e-004
7.418139826416096e-004	-2.537005e-003
7.432425540701802e-004	-5.314806e-003
7.446711254987510e-004	-8.078320e-003
7.460996969273216e-004	-1.082755e-002
7.475282683558923e-004	-1.356249e-002
7.520568397844615e-004	-2.216523e-002
7.565854112130305e-004	-3.050947e-002
7.611139826415996e-004	-3.859522e-002
7.656425540701686e-004	-4.642248e-002
7.701711254987378e-004	-5.399124e-002
7.746996969273069e-004	-6.130151e-002
7.792282683558759e-004	-6.835329e-002
7.845282683558732e-004	-7.617134e-002
7.898282683558704e-004	-8.345387e-002
7.951282683558677e-004	-9.020087e-002
8.004282683558649e-004	-9.641235e-002
8.057282683558622e-004	-1.020883e-001
8.110282683558594e-004	-1.072287e-001
8.163282683558567e-004	-1.118336e-001
8.164282683558566e-004	-1.119141e-001
8.206854112129973e-004	-1.151444e-001
8.249425540701379e-004	-1.179864e-001
8.291996969272786e-004	-1.204399e-001
8.334568397844193e-004	-1.225051e-001
8.377139826415599e-004	-1.241819e-001
8.419711254987006e-004	-1.254702e-001
8.462282683558412e-004	-1.263702e-001
8.488282683558399e-004	-1.267271e-001
8.514282683558385e-004	-1.269441e-001
8.540282683558372e-004	-1.270213e-001
8.566282683558358e-004	-1.269587e-001
8.592282683558345e-004	-1.267562e-001
8.618282683558331e-004	-1.264139e-001
8.644282683558318e-004	-1.259318e-001
8.695425540701148e-004	-1.245512e-001
8.746568397843980e-004	-1.227105e-001
8.797711254986810e-004	-1.204095e-001
8.848854112129640e-004	-1.176484e-001
8.899996969272472e-004	-1.144272e-001
8.951139826415302e-004	-1.107457e-001
9.002282683558133e-004	-1.066041e-001
9.028711254986690e-004	-1.043296e-001
9.055139826415248e-004	-1.019654e-001
9.081568397843806e-004	-9.951152e-002
9.107996969272363e-004	-9.696802e-002
9.134425540700921e-004	-9.433488e-002
9.160854112129479e-004	-9.161208e-002
9.187282683558037e-004	-8.879963e-002
9.188282683558036e-004	-8.869204e-002
9.246711254986578e-004	-8.211135e-002
9.305139826415119e-004	-7.531373e-002
9.363568397843660e-004	-6.829917e-002
9.421996969272201e-004	-6.106768e-002
9.480425540700742e-004	-5.361926e-002
9.538854112129283e-004	-4.595390e-002
9.597282683557824e-004	-3.807161e-002
9.633425540700676e-004	-3.320807e-002
9.669568397843528e-004	-2.835870e-002
9.705711254986379e-004	-2.352351e-002
9.741854112129231e-004	-1.870249e-002
9.777996969272083e-004	-1.389565e-002
9.814139826414933e-004	-9.102987e-003
9.850282683557786e-004	-4.324500e-003
9.867139826414937e-004	-2.121499e-003
9.883996969272091e-004	6.749603e-005
9.900854112129243e-004	2.242485e-003
9.917711254986395e-004	4.403468e-003
9.934568397843547e-004	6.550445e-003
9.951425540700701e-004	8.683416e-003
9.968282683557852e-004	1.080238e-002
1.000299696927216e-003	1.512352e-002
1.003771125498646e-003	1.934631e-002
1.007242554070077e-003	2.347076e-002
1.010713982641507e-003	2.749688e-002
1.014185411212938e-003	3.142465e-002
1.017656839784368e-003	3.525408e-002
1.021128268355799e-003	3.898517e-002
1.021228268355799e-003	3.909040e-002
1.025599696927230e-003	4.361329e-002
1.029971125498661e-003	4.790912e-002
1.034342554070092e-003	5.197790e-002
1.038713982641523e-003	5.581963e-002
1.043085411212954e-003	5.943431e-002
1.047456839784385e-003	6.282194e-002
1.051828268355816e-003	6.598251e-002
1.056771125498676e-003	6.923654e-002
1.061713982641536e-003	7.214752e-002
1.066656839784396e-003	7.471543e-002
1.071599696927256e-003	7.694028e-002
1.076542554070116e-003	7.882208e-002
1.081485411212976e-003	8.036081e-002
1.086428268355836e-003	8.155648e-002
1.088742554070123e-003	8.199273e-002
1.091056839784410e-003	8.235384e-002
1.093371125498697e-003	8.263980e-002
1.095685411212984e-003	8.285064e-002
1.097999696927271e-003	8.298633e-002
1.100313982641558e-003	8.304688e-002
1.102628268355845e-003	8.303230e-002
1.105613982641561e-003	8.290194e-002
1.108599696927277e-003	8.265508e-002
1.111585411212993e-003	8.229173e-002
1.114571125498709e-003	8.181188e-002
1.117556839784425e-003	8.121552e-002
1.120542554070141e-003	8.050267e-002
1.123528268355857e-003	7.967333e-002
1.123628268355857e-003	7.964381e-002
1.128671125498717e-003	7.796221e-002
1.133713982641577e-003	7.601670e-002
1.138756839784437e-003	7.380727e-002
1.143799696927297e-003	7.133392e-002
1.148842554070157e-003	6.859665e-002
1.153885411213017e-003	6.559547e-002
1.158928268355877e-003	6.233036e-002
1.162656839784451e-003	5.979102e-002
1.166385411213024e-003	5.716372e-002
1.170113982641598e-003	5.444846e-002
1.173842554070171e-003	5.164524e-002
1.177571125498745e-003	4.875407e-002
1.181299696927318e-003	4.577494e-002
1.185028268355892e-003	4.270785e-002
1.189871125498752e-003	3.861585e-002
1.194713982641612e-003	3.448071e-002
1.199556839784471e-003	3.030243e-002
1.204399696927332e-003	2.608102e-002
1.209242554070191e-003	2.181648e-002
1.214085411213051e-003	1.750880e-002
1.218928268355911e-003	1.315799e-002
1.226028268355915e-003	6.874853e-003
1.228413982641631e-003	4.775608e-003
1.230799696927346e-003	2.692360e-003
1.233185411213062e-003	6.251073e-004
1.235571125498778e-003	-1.426149e-003
1.237956839784493e-003	-3.461409e-003
1.240342554070209e-003	-5.480672e-003
1.242728268355925e-003	-7.483940e-003
1.247628268355927e-003	-1.154934e-002
1.252528268355930e-003	-1.547513e-002
1.257428268355933e-003	-1.926130e-002
1.262328268355936e-003	-2.290786e-002
1.267228268355938e-003	-2.641479e-002
1.272128268355941e-003	-2.978211e-002
1.277028268355944e-003	-3.300982e-002
1.282985411213090e-003	-3.668402e-002
1.288942554070237e-003	-4.004967e-002
1.294899696927383e-003	-4.310678e-002
1.300856839784529e-003	-4.585535e-002
1.306813982641675e-003	-4.829538e-002
1.312771125498821e-003	-5.042686e-002
1.318728268355968e-003	-5.224980e-002
1.328428268355973e-003	-5.446675e-002
1.331371125498832e-003	-5.496254e-002
1.334313982641691e-003	-5.537737e-002
1.337256839784549e-003	-5.571124e-002
1.340199696927408e-003	-5.596415e-002
1.343142554070267e-003	-5.613610e-002
1.346085411213126e-003	-5.622709e-002
1.349028268355985e-003	-5.623712e-002
1.352771125498844e-003	-5.613139e-002
1.356513982641703e-003	-5.590579e-002
1.360256839784562e-003	-5.556033e-002
1.363999696927422e-003	-5.509500e-002
1.367742554070281e-003	-5.450980e-002
1.371485411213140e-003	-5.380474e-002
1.375228268356000e-003	-5.297981e-002
1.382585411213147e-003	-5.097140e-002
1.389942554070294e-003	-4.864836e-002
1.397299696927441e-003	-4.601070e-002
1.404656839784588e-003	-4.305841e-002
1.412013982641735e-003	-3.979148e-002
1.419371125498882e-003	-3.620993e-002
1.426728268356029e-003	-3.231375e-002
1.430828268356031e-003	-3.010838e-002
1.435928268356034e-003	-2.726172e-002
1.441028268356037e-003	-2.438273e-002
1.446128268356040e-003	-2.147143e-002
1.451228268356043e-003	-1.852782e-002
1.456328268356046e-003	-1.555188e-002
1.461428268356048e-003	-1.254363e-002
1.466528268356051e-003	-9.503067e-003
1.469142554070339e-003	-7.961612e-003
1.471756839784626e-003	-6.429452e-003
1.474371125498913e-003	-4.906588e-003
1.476985411213200e-003	-3.393018e-003
1.479599696927487e-003	-1.888745e-003
1.482213982641774e-003	-3.937660e-004
1.484828268356062e-003	1.091917e-003
1.488342554070349e-003	3.068432e-003
1.491856839784637e-003	5.005885e-003
1.495371125498925e-003	6.904276e-003
1.498885411213213e-003	8.763604e-003
1.502399696927500e-003	1.058387e-002
1.505913982641788e-003	1.236507e-002
1.509428268356076e-003	1.410722e-002
1.512813982641792e-003	1.573590e-002
1.516199696927508e-003	1.730991e-002
1.519585411213224e-003	1.882926e-002
1.522971125498940e-003	2.029394e-002
1.526356839784657e-003	2.170395e-002
1.529742554070373e-003	2.305929e-002
1.533128268356089e-003	2.435997e-002
1.533228268356089e-003	2.439730e-002
1.538856839784664e-003	2.642214e-002
1.544485411213238e-003	2.825723e-002
1.550113982641813e-003	2.990257e-002
1.555742554070388e-003	3.135816e-002
1.561371125498962e-003	3.262400e-002
1.566999696927537e-003	3.370009e-002
1.572628268356111e-003	3.458643e-002
1.575942554070399e-003	3.500944e-002
1.579256839784687e-003	3.536422e-002
1.582571125498974e-003	3.565077e-002
1.585885411213262e-003	3.586911e-002
1.589199696927549e-003	3.601921e-002
1.592513982641837e-003	3.610110e-002
1.595828268356125e-003	3.611476e-002
1.599813982641841e-003	3.603958e-002
1.603799696927558e-003	3.587468e-002
1.607785411213274e-003	3.562005e-002
1.611771125498991e-003	3.527571e-002
1.615756839784707e-003	3.484164e-002
1.619742554070424e-003	3.431784e-002
1.623728268356140e-003	3.370433e-002
1.625413982641856e-003	3.342195e-002
1.627099696927571e-003	3.312579e-002
1.628785411213286e-003	3.281585e-002
1.630471125499001e-003	3.249212e-002
1.632156839784716e-003	3.215461e-002
1.633842554070432e-003	3.180332e-002
1.635528268356147e-003	3.143824e-002
1.635628268356147e-003	3.141621e-002
1.642313982641865e-003	2.979719e-002
1.648999696927583e-003	2.803523e-002
1.655685411213301e-003	2.613034e-002
1.662371125499019e-003	2.408250e-002
1.669056839784737e-003	2.189171e-002
1.675742554070456e-003	1.955799e-002
1.682428268356174e-003	1.708133e-002
1.687042554070462e-003	1.534257e-002
1.691656839784750e-003	1.359045e-002
1.696271125499039e-003	1.182497e-002
1.700885411213327e-003	1.004614e-002
1.705499696927615e-003	8.253945e-003
1.710113982641904e-003	6.448393e-003
1.714728268356192e-003	4.629483e-003
1.718028268356194e-003	3.339939e-003
1.721328268356196e-003	2.062580e-003
1.724628268356198e-003	7.974066e-004
1.727928268356199e-003	-4.555821e-004
1.731228268356201e-003	-1.696386e-003
1.734528268356203e-003	-2.925004e-003
1.737828268356205e-003	-4.141437e-003
1.738028268356205e-003	-4.214240e-003
1.743442554070494e-003	-6.174422e-003
1.748856839784783e-003	-8.055523e-003
1.754271125499071e-003	-9.857545e-003
1.759685411213360e-003	-1.158049e-002
1.765099696927649e-003	-1.322435e-002
1.770513982641938e-003	-1.478913e-002
1.775928268356227e-003	-1.627484e-002
1.781799696927659e-003	-1.776367e-002
1.787671125499090e-003	-1.911758e-002
1.793542554070522e-003	-2.033654e-002
1.799413982641954e-003	-2.142058e-002
1.805285411213386e-003	-2.236968e-002
1.811156839784818e-003	-2.318384e-002
1.817028268356250e-003	-2.386307e-002
1.820356839784823e-003	-2.417978e-002
1.823685411213397e-003	-2.445071e-002
1.827013982641970e-003	-2.467585e-002
1.830342554070543e-003	-2.485520e-002
1.833671125499116e-003	-2.498878e-002
1.836999696927690e-003	-2.507657e-002
1.840328268356263e-003	-2.511857e-002
1.840428268356263e-003	-2.511916e-002
1.844299696927694e-003	-2.510801e-002
1.848171125499125e-003	-2.503986e-002
1.852042554070555e-003	-2.491471e-002
1.855913982641986e-003	-2.473255e-002
1.859785411213417e-003	-2.449338e-002
1.863656839784848e-003	-2.419721e-002
1.867528268356278e-003	-2.384404e-002
1.875071125499140e-003	-2.297418e-002
1.882613982642001e-003	-2.195703e-002
1.890156839784863e-003	-2.079260e-002
1.897699696927724e-003	-1.948088e-002
1.905242554070586e-003	-1.802188e-002
1.912785411213447e-003	-1.641560e-002
1.920328268356308e-003	-1.466203e-002
1.923528268356310e-003	-1.390485e-002
1.926728268356312e-003	-1.313713e-002
1.929928268356314e-003	-1.235886e-002
1.933128268356316e-003	-1.157005e-002
1.936328268356317e-003	-1.077069e-002
1.939528268356319e-003	-9.960776e-003
1.942728268356321e-003	-9.140318e-003
1.942828268356321e-003	-9.114696e-003
1.947171125499174e-003	-7.988732e-003
1.951513982642028e-003	-6.865073e-003
1.955856839784881e-003	-5.743720e-003
1.960199696927734e-003	-4.624673e-003
1.964542554070588e-003	-3.507932e-003
1.968885411213441e-003	-2.393496e-003
1.973228268356295e-003	-1.281366e-003
1.976356839784861e-003	-4.921095e-004
1.979485411213428e-003	2.858479e-004
1.982613982641994e-003	1.052507e-003
1.985742554070560e-003	1.807866e-003
1.988871125499127e-003	2.551927e-003
1.991999696927693e-003	3.284690e-003
1.995128268356260e-003	4.006153e-003
2.001199696927678e-003	5.371274e-003
2.007271125499097e-003	6.658465e-003
2.013342554070516e-003	7.867727e-003
2.019413982641935e-003	8.999059e-003
2.025485411213354e-003	1.005246e-002
2.031556839784773e-003	1.102793e-002
2.037628268356192e-003	1.192548e-002
2.045228268356179e-003	1.290094e-002
2.050242554070457e-003	1.346269e-002
2.055256839784735e-003	1.395562e-002
2.060271125499013e-003	1.437973e-002
2.065285411213290e-003	1.473502e-002
2.070299696927568e-003	1.502148e-002
2.075313982641846e-003	1.523913e-002
2.080328268356123e-003	1.538795e-002
2.084256839784688e-003	1.545472e-002
2.088185411213253e-003	1.548128e-002
2.092113982641819e-003	1.546763e-002
2.096042554070384e-003	1.541377e-002
2.099971125498949e-003	1.531969e-002
2.103899696927514e-003	1.518541e-002
2.107828268356079e-003	1.501091e-002
2.113499696927498e-003	1.468606e-002
2.119171125498918e-003	1.429582e-002
2.124842554070337e-003	1.384019e-002
2.130513982641757e-003	1.331916e-002
2.136185411213176e-003	1.273274e-002
2.141856839784596e-003	1.208093e-002
2.147528268356016e-003	1.136373e-002
2.147628268356015e-003	1.135080e-002
2.153528268356006e-003	1.054686e-002
2.159428268355996e-003	9.708916e-003
2.165328268355987e-003	8.836965e-003
2.171228268355978e-003	7.931009e-003
2.177128268355968e-003	6.991049e-003
2.183028268355959e-003	6.017083e-003
2.188928268355949e-003	5.009112e-003
2.192613982641658e-003	4.378108e-003
2.196299696927366e-003	3.747020e-003
2.199985411213074e-003	3.115847e-003
2.203671125498783e-003	2.484590e-003
2.207356839784491e-003	1.853249e-003
2.211042554070199e-003	1.221823e-003
2.214728268355908e-003	5.903128e-004
2.218813982641616e-003	-1.043913e-004
2.222899696927323e-003	-7.871790e-004
2.226985411213031e-003	-1.458050e-003
2.231071125498739e-003	-2.117005e-003
2.235156839784447e-003	-2.764043e-003
2.239242554070154e-003	-3.399165e-003
2.243328268355862e-003	-4.022370e-003
2.250028268355851e-003	-4.999323e-003
2.256899696927269e-003	-5.957264e-003
2.263771125498687e-003	-6.841962e-003
2.270642554070104e-003	-7.653418e-003
2.277513982641522e-003	-8.391632e-003
2.284385411212939e-003	-9.056602e-003
2.291256839784357e-003	-9.648330e-003
2.298128268355774e-003	-1.016682e-002
2.303071125498624e-003	-1.048119e-002
2.308013982641473e-003	-1.075110e-002
2.312956839784322e-003	-1.097654e-002
2.317899696927171e-003	-1.115752e-002
2.322842554070020e-003	-1.129403e-002
2.327785411212870e-003	-1.138608e-002
2.332728268355719e-003	-1.143366e-002
2.335528268355714e-003	-1.144097e-002
2.338328268355710e-003	-1.143480e-002
2.341128268355705e-003	-1.141515e-002
2.343928268355701e-003	-1.138204e-002
2.346728268355696e-003	-1.133545e-002
2.349528268355692e-003	-1.127539e-002
2.352328268355687e-003	-1.120185e-002
2.352428268355687e-003	-1.119900e-002
2.359471125498533e-003	-1.094531e-002
2.366513982641379e-003	-1.062673e-002
2.373556839784225e-003	-1.024327e-002
2.380599696927071e-003	-9.794930e-003
2.387642554069916e-003	-9.281706e-003
2.394685411212762e-003	-8.703599e-003
2.401728268355608e-003	-8.060610e-003
2.408071125498455e-003	-7.442981e-003
2.414413982641302e-003	-6.806021e-003
2.420756839784149e-003	-6.149730e-003
2.427099696926996e-003	-5.474108e-003
2.433442554069843e-003	-4.779156e-003
2.439785411212690e-003	-4.064872e-003
2.446128268355537e-003	-3.331257e-003
2.454828268355523e-003	-2.339428e-003
2.458913982641231e-003	-1.872841e-003
2.462999696926939e-003	-1.412274e-003
2.467085411212646e-003	-9.577284e-004
2.471171125498354e-003	-5.092036e-004
2.475256839784062e-003	-6.669978e-005
2.479342554069770e-003	3.697831e-004
2.483428268355477e-003	8.002451e-004
2.488413982641184e-003	1.312455e-003
2.493399696926890e-003	1.804130e-003
2.498385411212596e-003	2.275268e-003
2.503371125498303e-003	2.725872e-003
2.508356839784009e-003	3.155940e-003
2.513342554069715e-003	3.565472e-003
2.518328268355422e-003	3.954468e-003
2.523871125498270e-003	4.355531e-003
2.529413982641118e-003	4.721436e-003
2.534956839783966e-003	5.052183e-003
2.540499696926814e-003	5.347774e-003
2.546042554069663e-003	5.608208e-003
2.551585411212511e-003	5.833484e-003
2.557128268355359e-003	6.023603e-003
2.557228268355359e-003	6.026659e-003
2.562071125498209e-003	6.159564e-003
2.566913982641058e-003	6.264487e-003
2.571756839783908e-003	6.341429e-003
2.576599696926757e-003	6.390390e-003
2.581442554069606e-003	6.411370e-003
2.586285411212455e-003	6.404368e-003
2.591128268355305e-003	6.369384e-003
2.597756839783866e-003	6.273540e-003
2.604385411212426e-003	6.135577e-003
2.611013982640987e-003	5.955493e-003
2.617642554069548e-003	5.733291e-003
2.624271125498109e-003	5.468969e-003
2.630899696926670e-003	5.162527e-003
2.637528268355231e-003	4.813966e-003
2.640671125498083e-003	4.639544e-003
2.643813982640935e-003	4.459203e-003
2.646956839783787e-003	4.272944e-003
2.650099696926639e-003	4.080768e-003
2.653242554069491e-003	3.882674e-003
2.656385411212343e-003	3.678662e-003
2.659528268355195e-003	3.468732e-003
2.659628268355195e-003	3.462005e-003
2.664542554069473e-003	3.122175e-003
2.669456839783751e-003	2.776496e-003
2.674371125498029e-003	2.424967e-003
2.679285411212306e-003	2.067588e-003
2.684199696926584e-003	1.704361e-003
2.689113982640862e-003	1.335283e-003
2.694028268355140e-003	9.603568e-004
2.698285411212276e-003	6.360787e-004
2.702542554069412e-003	3.146509e-004
2.706799696926548e-003	-3.926632e-006
2.711056839783684e-003	-3.196539e-004
2.715313982640820e-003	-6.325310e-004
2.719571125497956e-003	-9.425578e-004
2.723828268355092e-003	-1.249734e-003
2.729271125497941e-003	-1.634498e-003
2.734713982640789e-003	-2.004272e-003
2.740156839783638e-003	-2.359056e-003
2.745599696926486e-003	-2.698850e-003
2.751042554069334e-003	-3.023655e-003
2.756485411212183e-003	-3.333470e-003
2.761928268355031e-003	-3.628295e-003
2.762028268355031e-003	-3.633472e-003
2.768785411212163e-003	-3.970582e-003
2.775542554069295e-003	-4.273005e-003
2.782299696926427e-003	-4.540740e-003
2.789056839783559e-003	-4.773788e-003
2.795813982640691e-003	-4.972150e-003
2.802571125497823e-003	-5.135824e-003
2.809328268354955e-003	-5.264810e-003
2.815513982640660e-003	-5.347359e-003
2.821699696926364e-003	-5.400525e-003
2.827885411212068e-003	-5.424308e-003
2.834071125497773e-003	-5.418708e-003
2.840256839783477e-003	-5.383726e-003
2.846442554069181e-003	-5.319360e-003
2.852628268354886e-003	-5.225612e-003
2.864428268354867e-003	-4.978381e-003
2.872413982640569e-003	-4.751701e-003
2.880399696926270e-003	-4.498302e-003
2.888385411211971e-003	-4.218183e-003
2.896371125497673e-003	-3.911344e-003
2.904356839783375e-003	-3.577785e-003
2.912342554069076e-003	-3.217506e-003
2.920328268354777e-003	-2.830507e-003
2.926571125497625e-003	-2.522200e-003
2.932813982640472e-003	-2.213654e-003
2.939056839783319e-003	-1.904867e-003
2.945299696926166e-003	-1.595842e-003
2.951542554069013e-003	-1.286576e-003
2.957785411211860e-003	-9.770711e-004
2.964028268354707e-003	-6.673262e-004
2.966828268354703e-003	-5.326355e-004
2.972099696926123e-003	-2.809010e-004
2.977371125497543e-003	-3.775278e-005
2.982642554068963e-003	1.968090e-004
2.987913982640384e-003	4.227844e-004
2.993185411211804e-003	6.401735e-004
2.998456839783224e-003	8.489761e-004
3.003728268354644e-003	1.049192e-003
3.011085411211775e-003	1.309078e-003
3.018442554068906e-003	1.542125e-003
3.025799696926037e-003	1.748334e-003
3.033156839783168e-003	1.927705e-003
3.040513982640299e-003	2.080238e-003
3.047871125497430e-003	2.205933e-003
3.055228268354561e-003	2.304790e-003
3.057213982640273e-003	2.325962e-003
3.059199696925983e-003	2.345040e-003
3.061185411211695e-003	2.362025e-003
3.063171125497406e-003	2.376916e-003
3.065156839783117e-003	2.389712e-003
3.067142554068828e-003	2.400416e-003
3.069128268354539e-003	2.409025e-003
3.069228268354539e-003	2.409404e-003
3.075999696925956e-003	2.420833e-003
3.082771125497374e-003	2.410571e-003
3.089542554068792e-003	2.378620e-003
3.096313982640210e-003	2.324980e-003
3.103085411211628e-003	2.249649e-003
3.109856839783045e-003	2.152629e-003
3.116628268354463e-003	2.033919e-003
3.122871125497310e-003	1.907756e-003
3.129113982640157e-003	1.770566e-003
3.135356839783005e-003	1.622350e-003
3.141599696925851e-003	1.463107e-003
3.147842554068699e-003	1.292836e-003
3.154085411211546e-003	1.111539e-003
3.160328268354393e-003	9.192156e-004
3.171628268354375e-003	5.614812e-004
3.177571125497223e-003	3.647849e-004
3.183513982640070e-003	1.685835e-004
3.189456839782918e-003	-2.712314e-005
3.195399696925765e-003	-2.223349e-004
3.201342554068613e-003	-4.170519e-004
3.207285411211461e-003	-6.112740e-004
3.213228268354308e-003	-8.050012e-004
3.221471125497152e-003	-1.067663e-003
3.229713982639996e-003	-1.314036e-003
3.237956839782840e-003	-1.544122e-003
3.246199696925684e-003	-1.757918e-003
3.254442554068528e-003	-1.955427e-003
3.262685411211372e-003	-2.136647e-003
3.270928268354216e-003	-2.301579e-003
3.274028268354211e-003	-2.356241e-003
3.281399696925627e-003	-2.473837e-003
3.288771125497044e-003	-2.572444e-003
3.296142554068461e-003	-2.652062e-003
3.303513982639878e-003	-2.712692e-003
3.310885411211295e-003	-2.754333e-003
3.318256839782712e-003	-2.776986e-003
3.325628268354128e-003	-2.780649e-003
3.332871125496974e-003	-2.764169e-003
3.340113982639819e-003	-2.732513e-003
3.347356839782665e-003	-2.685682e-003
3.354599696925510e-003	-2.623674e-003
3.361842554068356e-003	-2.546491e-003
3.369085411211201e-003	-2.454132e-003
3.376328268354047e-003	-2.346598e-003
3.376428268354047e-003	-2.345063e-003
3.384956839782605e-003	-2.200791e-003
3.393485411211162e-003	-2.048336e-003
3.402013982639720e-003	-1.887696e-003
3.410542554068278e-003	-1.718872e-003
3.419071125496836e-003	-1.541865e-003
3.427599696925393e-003	-1.356673e-003
3.436128268353951e-003	-1.163298e-003
3.442213982639656e-003	-1.027333e-003
3.448299696925360e-003	-8.940014e-004
3.454385411211065e-003	-7.633040e-004
3.460471125496769e-003	-6.352405e-004
3.466556839782474e-003	-5.098108e-004
3.472642554068178e-003	-3.870148e-004
3.478728268353883e-003	-2.668528e-004
3.478828268353883e-003	-2.649481e-004
3.487556839782440e-003	-1.013380e-004
3.496285411210998e-003	4.714180e-005
3.505013982639555e-003	1.804913e-004
3.513742554068112e-003	2.987106e-004
3.522471125496670e-003	4.017995e-004
3.531199696925227e-003	4.897582e-004
3.539928268353785e-003	5.625865e-004
3.545813982639490e-003	5.999575e-004
3.551699696925194e-003	6.293362e-004
3.557585411210899e-003	6.507228e-004
3.563471125496604e-003	6.641171e-004
3.569356839782309e-003	6.695193e-004
3.575242554068014e-003	6.669293e-004
3.581128268353719e-003	6.563470e-004
3.581228268353719e-003	6.561061e-004
3.588985411210849e-003	6.288616e-004
3.596742554067979e-003	5.911686e-004
3.604499696925110e-003	5.430270e-004
3.612256839782241e-003	4.844370e-004
3.620013982639371e-003	4.153984e-004
3.627771125496501e-003	3.359114e-004
3.635528268353632e-003	2.459758e-004
3.642385411210764e-003	1.605452e-004
3.649242554067895e-003	7.233157e-005
3.656099696925027e-003	-1.866520e-005
3.662956839782159e-003	-1.124451e-004
3.669813982639291e-003	-2.090080e-004
3.676671125496423e-003	-3.083541e-004
3.683528268353555e-003	-4.104833e-004
3.683628268353555e-003	-4.119455e-004
3.693013982639254e-003	-5.530172e-004
3.702399696924953e-003	-6.878374e-004
3.711785411210652e-003	-8.164061e-004
3.721171125496352e-003	-9.387233e-004
3.730556839782051e-003	-1.054789e-003
3.739942554067750e-003	-1.164603e-003
3.749328268353449e-003	-1.268166e-003
3.754556839782013e-003	-1.319269e-003
3.759785411210575e-003	-1.366450e-003
3.765013982639139e-003	-1.409710e-003
3.770242554067702e-003	-1.449048e-003
3.775471125496265e-003	-1.484465e-003
3.780699696924828e-003	-1.515961e-003
3.785928268353391e-003	-1.543534e-003
3.786028268353391e-003	-1.544016e-003
3.796071125496232e-003	-1.583322e-003
3.806113982639073e-003	-1.607959e-003
3.816156839781914e-003	-1.617928e-003
3.826199696924755e-003	-1.613229e-003
3.836242554067596e-003	-1.593862e-003
3.846285411210437e-003	-1.559826e-003
3.856328268353278e-003	-1.511123e-003
3.860899696924699e-003	-1.485477e-003
3.865471125496121e-003	-1.457890e-003
3.870042554067542e-003	-1.428361e-003
3.874613982638963e-003	-1.396890e-003
3.879185411210384e-003	-1.363477e-003
3.883756839781806e-003	-1.328122e-003
3.888328268353227e-003	-1.290824e-003
3.888428268353227e-003	-1.290000e-003
3.898628268353243e-003	-1.198258e-003
3.908828268353260e-003	-1.105405e-003
3.919028268353277e-003	-1.011439e-003
3.929228268353294e-003	-9.163626e-004
3.939428268353311e-003	-8.201740e-004
3.949628268353328e-003	-7.228737e-004
3.959828268353344e-003	-6.244617e-004
3.964242554067642e-003	-5.847587e-004
3.968656839781939e-003	-5.462738e-004
3.973071125496237e-003	-5.090069e-004
3.977485411210536e-003	-4.729582e-004
3.981899696924834e-003	-4.381275e-004
3.986313982639131e-003	-4.045149e-004
3.990728268353429e-003	-3.721204e-004
3.990828268353429e-003	-3.714094e-004
4.001671125496316e-003	-2.980814e-004
4.012513982639202e-003	-2.363613e-004
4.023356839782089e-003	-1.862493e-004
4.034199696924977e-003	-1.477453e-004
4.045042554067863e-003	-1.208493e-004
4.055885411210750e-003	-1.055614e-004
4.066728268353637e-003	-1.018814e-004
4.070499696925076e-003	-1.036084e-004
4.074271125496514e-003	-1.066486e-004
4.078042554067953e-003	-1.110019e-004
4.081813982639392e-003	-1.166684e-004
4.085585411210831e-003	-1.236480e-004
4.089356839782270e-003	-1.319408e-004
4.093128268353709e-003	-1.415468e-004
4.093228268353709e-003	-1.418158e-004
4.104828268353741e-003	-1.824377e-004
4.116428268353773e-003	-2.293064e-004
4.128028268353804e-003	-2.824221e-004
4.139628268353836e-003	-3.417847e-004
4.151228268353868e-003	-4.073942e-004
4.162828268353899e-003	-4.792506e-004
4.174428268353931e-003	-5.573539e-004
4.195628268353989e-003	-6.925903e-004
4.208585411211168e-003	-7.751407e-004
4.221542554068346e-003	-8.489521e-004
4.234499696925524e-003	-9.140245e-004
4.247456839782702e-003	-9.703577e-004
4.260413982639880e-003	-1.017952e-003
4.273371125497059e-003	-1.056807e-003
4.286328268354237e-003	-1.086923e-003
4.298028268354269e-003	-1.101863e-003
4.312471125497166e-003	-1.103925e-003
4.326913982640062e-003	-1.095601e-003
4.341356839782959e-003	-1.076891e-003
4.355799696925856e-003	-1.047795e-003
4.370242554068753e-003	-1.008313e-003
4.384685411211649e-003	-9.584453e-004
4.399128268354546e-003	-8.981915e-004
4.400428268354549e-003	-8.929305e-004
4.414542554068874e-003	-8.298940e-004
4.428656839783197e-003	-7.699954e-004
4.442771125497522e-003	-7.132349e-004
4.456885411211847e-003	-6.596124e-004
4.470999696926171e-003	-6.091280e-004
4.485113982640495e-003	-5.617815e-004
4.499228268354819e-003	-5.175731e-004
4.502828268354829e-003	-5.085390e-004
4.517442554069155e-003	-4.779070e-004
4.532056839783480e-003	-4.563781e-004
4.546671125497806e-003	-4.439523e-004
4.561285411212132e-003	-4.406297e-004
4.575899696926458e-003	-4.464103e-004
4.590513982640783e-003	-4.612940e-004
4.605128268355109e-003	-4.852808e-004
4.605228268355109e-003	-4.854604e-004
4.619842554069435e-003	-5.184192e-004
4.634456839783760e-003	-5.529071e-004
4.649071125498086e-003	-5.889241e-004
4.663685411212412e-003	-6.264703e-004
4.678299696926738e-003	-6.655457e-004
4.692913982641063e-003	-7.061503e-004
4.707528268355389e-003	-7.482840e-004
4.707628268355389e-003	-7.485377e-004
4.722242554069715e-003	-7.850433e-004
4.736856839784040e-003	-8.157577e-004
4.751471125498366e-003	-8.406806e-004
4.766085411212692e-003	-8.598123e-004
4.780699696927018e-003	-8.731526e-004
4.795313982641343e-003	-8.807017e-004
4.809928268355669e-003	-8.824593e-004
4.810028268355669e-003	-8.824448e-004
4.824642554069995e-003	-8.753080e-004
4.839256839784320e-003	-8.644971e-004
4.853871125498646e-003	-8.500122e-004
4.868485411212972e-003	-8.318533e-004
4.883099696927298e-003	-8.100203e-004
4.897713982641623e-003	-7.845133e-004
4.912328268355949e-003	-7.553323e-004
4.912428268355949e-003	-7.551454e-004
4.924913982641698e-003	-7.305620e-004
4.937399696927447e-003	-7.075550e-004
4.949885411213195e-003	-6.861246e-004
4.962371125498943e-003	-6.662706e-004
4.974856839784691e-003	-6.479932e-004
4.987342554070440e-003	-6.312922e-004
4.999828268356188e-003	-6.161678e-004
4.999928268356189e-003	-6.160664e-004
5.000000000000000e-003	-6.159938e-004
